rowId, datasource, datasourceType, date, title, comment, sentiment, isAutoSentiment, name, username, userImageUrl, gender, age, location, bio, lat, lon, url, imageUrl, datarank, followers, retweets, repins, likes, commentCount, favorites
80cf1b931b83b0426b4d50763be45bbc,Twitter,Twitter,2015-04-22T00:48:23.000-05:00,,"Hot toddy, home remedy for cold &amp; flu and my grandma's recipe. #lime #honey #ginger #hotwater‚Ä¶ https://t.co/ycyftuKDy7",positive,true,Namgyel Dorji,ProudBhutanese,https://pbs.twimg.com/profile_images/566243917084241921/I9JfDsSG_normal.jpeg,None,none,"Arlington, VA, United States","Consultant in D.C.| Passionate Traveler| Entrepreneur| Practicing Buddhist| Spiritual| Learner, Co-Founder @ DAJ Expeditions (http://www.dajexpeditions.com)",38.856077,-77.054278,http://twitter.com/ProudBhutanese/statuses/590678500413149184,,100.0,5299,,,,,0
5d55ec0107811f0c1acb3a70c95a0c33,Amazon,E-Commerce,2012-08-02T00:00:00.000-05:00,"Clorox, 1 fresh scent, 2 lemon fresh,1 orange scent, kills cold & Flu viruses 78 wipes ea","I paid 21 dollars from Bonters Inc., which was a fantastic price for 300+ clorox wipes. By far the best deal I have found. I was pleased with the price and how quickly it arrived . Great service!",positive,false,"a. bell ""movie fanatic""",,,Female,none,wichita  ¬†¬†,,,,http://www.amazon.com/Clorox-fresh-scent-orange-viruses/product-reviews/B0015UQI4Q/ref=sr_1_205_cm_cr_acr_img?ie=UTF8&showViewpoints=1,,100.0,,,,,,
77d1399d096eb21dec8bd7dd9eed910f,Twitter,Twitter,2015-04-19T21:14:42.000-05:00,,"""Flax Flu na final"" ops",none,false,Lorena Martins ‚ú†,_lomartinss,https://pbs.twimg.com/profile_images/587369523680010241/8nJ2fIuH_normal.jpg,Female,none,"Rio de Janeiro, Brasil, Brasil",nunca v√£o entender esse amor,-22.930136,-43.243064,http://twitter.com/_lomartinss/statuses/589899950680629248,,100.0,1207,,,,,0
ea3520921cb1200fe887f2ce2baf1632,Twitter,Twitter,2015-04-17T13:48:18.000-05:00,,"Spray a little Lysol on your radio, cause here I come!  No bronchitis for @Stevegrunwald.",positive,true,Jack Shell,JackShellWYCD,https://pbs.twimg.com/profile_images/588529797095100416/e82PPoGM_normal.jpg,Male,none,,Country... served on wry. Weekdays 10:00 AM - 2:51 PM on 99.5 WYCD. #loveyameanit,,,http://twitter.com/JackShellWYCD/statuses/589062831842131968,,100.0,4835,,,,,0
921bf7fdf1593037e14e6ab753789432,Twitter,Twitter,2015-04-16T22:55:05.000-05:00,,Guard your family against cold &amp; flu season with these easy #DIY Disinfectant Wipes from @ashleykristinem! &gt;&gt; http://t.co/SPR4I9rSDD,positive,true,Taylor Bradford,pnkheelspnktrk,https://pbs.twimg.com/profile_images/378800000477048872/dd9aeb8dc8a27190f3811447cb053bbc_normal.jpeg,Male,none,,Texas Life ‚Ä¢ Lifestyle Blogger ‚Ä¢ Book Hoarder ‚Ä¢ Cocktail Creator ‚Ä¢ Vintage & Pink Lover ‚Ä¢ New CrossFitter ‚Ä¢ Director of @txwomenbloggers,,,http://twitter.com/pnkheelspnktrk/statuses/588838046755377152,,100.0,5540,,,,,0
8b207b4d50caca948e9d7796275e7385,Twitter,Twitter,2015-04-17T00:29:12.000-05:00,,RT @LifeCurrentsDeb: #Cinnamon Sore Throat Tea for when you're feeling #sick with a #cold #feelBetter http://t.co/M6P9DRNg5M http://t.co/heNhoSXkLe,positive,true,Patricia Conte,AZgrabaplate,https://pbs.twimg.com/profile_images/378800000694635490/9e924f654e7f257099c96bc132465ec0_normal.jpeg,Female,none,,I'm a freelance writer & food blogger who loves to cook & eat! Lifelong Cleveland Cavaliers fan!  https://www.facebook.com/Grabaplate,,,http://twitter.com/AZgrabaplate/statuses/588861734712049664,http://pbs.twimg.com/media/CCkjnj3WgAABqnR.jpg,100.0,894,11,,,,0
e63429a1dd119fb67e74e3fc4c3313ca,Twitter,Twitter,2015-04-17T15:20:46.000-05:00,,RT @LifeCurrentsDeb: #Cinnamon Sore Throat Tea for when you're feeling #sick with a #cold #feelBetter http://t.co/M6P9DRNg5M http://t.co/heNhoSXkLe,positive,true,Kadie Arrington,7_Alive,https://pbs.twimg.com/profile_images/378800000416248367/84a1ec8442e3f20b4049897a1faea051_normal.jpeg,None,none,,"DIY Junkie, Mother of 5, Blogger, Chocolate Eater.",,,http://twitter.com/7_Alive/statuses/589086105879744513,http://pbs.twimg.com/media/CCkjnj3WgAABqnR.jpg,100.0,6750,15,,,,0
a4b5cc732bdf4a52cef22eb5906b7f00,Twitter,Twitter,2015-04-17T13:36:34.000-05:00,,RT @LifeCurrentsDeb: #Cinnamon Sore Throat Tea for when you're feeling #sick with a #cold #feelBetter http://t.co/M6P9DRNg5M http://t.co/heNhoSXkLe,positive,true,Starieye,Starieye1,https://pbs.twimg.com/profile_images/415985370720120832/Ok3vEEsr_normal.png,None,none,,,,,http://twitter.com/Starieye1/statuses/589059880490635265,http://pbs.twimg.com/media/CCkjnj3WgAABqnR.jpg,100.0,1015,13,,,,0
e75501c35ece70a4dab715da25766032,Twitter,Twitter,2015-04-23T06:20:05.000-05:00,,"Breakfast of tea and cold and flu tablets. Woke up feeling rotten! (@ Costa Coffee in Amersham, Bucks.) https://t.co/MEqYi1RJUX",none,false,Lucinda Hardman,lucyhardman30,https://pbs.twimg.com/profile_images/548252068088393728/-B8z8sgs_normal.jpeg,Female,none,"Amersham, England, United Kingdom","Keep it classy, never trashy, just a little nasty! 34, Single, NAM for a fresh produce company, My views are my own not my employers.",51.665699,-0.610565,http://twitter.com/lucyhardman30/statuses/591124365632282624,,100.0,721,,,,,0
330bc4acb4cd57197d8e5557e818f0c4,Amazon,E-Commerce,2012-05-08T00:00:00.000-05:00,.,"The amount of ""moister"" is much less than that in Costco brand (Kirkland ones). I would say I use 3 Clorox wipes where I would use 2 kirkland ones to clean the same surface area.",neutral,false,marka twain,,,Male,none,¬†¬†,,,,http://www.amazon.com/Clorox-fresh-scent-orange-viruses/product-reviews/B0015UQI4Q/ref=cm_cr_pr_top_recent?ie=UTF8&showViewpoints=1&sortBy=bySubmissionDateDescending,,100.0,,,,,,
03359dee7473d180c0dfc9dcd6de26ae,Twitter,Twitter,2015-04-23T16:51:40.000-05:00,,15 reasons you should drink lemon water every morning. the morning for years and never get colds or flu. http://t.co/iZWpWsZWGJ,none,false,Lady Penelope,foodiewinoSF,https://pbs.twimg.com/profile_images/578742398559207425/UZ-OxhJr_normal.jpeg,Female,none,"San Francisco, CA, United States","Wine, Food, Booze, Beer & Cocktails!",37.788522,-122.389066,http://twitter.com/foodiewinoSF/statuses/591283304780800000,http://pbs.twimg.com/media/CDSpByNUEAADwhc.jpg,100.0,8402,,,,,0
d056b9613d946e9a57d1c6ab5152375d,Amazon,E-Commerce,2012-07-09T00:00:00.000-05:00,The only cleaning wipes we use!,"I love these clorox wipes, in fact they're the only ones we use. My husband and I are extremely busy with work, school and our 3 kids so these wipes get used alot! They are handy for last minute counter clean ups and are easy for the kids to use which is one of my favorite things about these wipes. I can send one of my kiddos to the bathroom with a wipe to clean up the sink/faucet and know that they aren't making a mess spraying cleaning chemicals all over the place. They probably arent the best thing for the environment and that makes me a little sad but I really dont have time to be a super mom, student, wife, nurse etc. and save the world at the same time.....",positive,false,"erik r. swierk ""mr busy busy""",,,Male,none,Iowa  ¬†¬†,,42.0046,-93.214,http://www.amazon.com/Clorox-fresh-scent-orange-viruses/product-reviews/B0015UQI4Q/ref=cm_cr_pr_top_recent?ie=UTF8&showViewpoints=1&sortBy=bySubmissionDateDescending,,100.0,,,,,,
b1ad8c88f065846c0285e632fe61e925,Amazon,E-Commerce,2010-04-08T00:00:00.000-05:00,,"I love this tea. It has a mild flavor and no caffeine. The only problem is that the string comes detached from the bag after about a minute in hot water. This doesn't happen once in a while, it happens nearly every time. Triple Leaf Tea, please fix this bag issue. It's frustrating to the point where I may look for a similar tea from another company.",positive,false,Steve in STL,,,Male,none,St. Louis Metro Area - a.k.a. The Lou,,,,http://www.amazon.com/Triple-Leaf-Tea-20-Count-Boxes/product-reviews/B000LKZTSC/ref=cm_cr_pr_top_recent?ie=UTF8&showViewpoints=1&sortBy=bySubmissionDateDescending,,100.0,,,,,,
9d4ddb75a63fef966202f73a5b820fb0,Wal-Mart,E-Commerce,2013-11-22T00:00:00.000-06:00,"Great Tea for allergy, cold and flu sufferers!",This is some amazing tea! I had a COPD attack and this really came through for me with clearing my breathing. I highly recommend this to cold & flu sufferers as well as people with COPD. Thank you for asking my opinion.,positive,false,,Enchantedblossm,,Female,55+,Lincoln Michigan,,43.3504,-84.5603,,,100.0,,,,,,
b3f4c6c9310d0e5d6d131bdcc784a67c,Twitter,Twitter,2015-04-24T15:23:44.000-05:00,,"RT @PoorAdviceSloth: Coming down with the flu? Drink hand sanitizer, it kills 99.99% of the bad germs.",none,false,May 16th,gigglez_981,https://pbs.twimg.com/profile_images/589791020486918144/LXdHLxv4_normal.jpg,Female,none,,"And even after all my logic and my theory/I add a Motherfucker so you ignorant niggas hear me.

#RickieSanders",,,http://twitter.com/gigglez_981/statuses/591623564807294978,,100.0,1273,483,,,,0
1a32db1a36667f230466feb9e831b562,Twitter,Twitter,2015-04-24T16:16:01.000-05:00,,"RT @PoorAdviceSloth: Coming down with the flu? Drink hand sanitizer, it kills 99.99% of the bad germs.",none,false,love pairs maria,LovepairsGirl,https://pbs.twimg.com/profile_images/561193848647331841/7LzT6VO-_normal.jpeg,Female,none,,"retweet and follow me if you likes my tweet about world wide

in heart",,,http://twitter.com/LovepairsGirl/statuses/591636724532449280,,100.0,49386,484,,,,0
c25df72825789ea8fd9f298156f97f3d,Twitter,Twitter,2015-04-24T16:36:43.000-05:00,,"RT @PoorAdviceSloth: Coming down with the flu? Drink hand sanitizer, it kills 99.99% of the bad germs.",none,false,LOVE GURU,lovefillings,https://pbs.twimg.com/profile_images/581391728487182336/luaIj47k_normal.jpg,Female,none,,,,,http://twitter.com/lovefillings/statuses/591641933941903360,,100.0,48125,495,,,,0
f35d42a109e14d31270fb39d8a226cef,Twitter,Twitter,2015-04-24T15:14:12.000-05:00,,"RT @PoorAdviceSloth: Coming down with the flu? Drink hand sanitizer, it kills 99.99% of the bad germs.",none,false,love pairs maria,LovepairsGirl,https://pbs.twimg.com/profile_images/561193848647331841/7LzT6VO-_normal.jpeg,Female,none,,"retweet and follow me if you likes my tweet about world wide

in heart",,,http://twitter.com/LovepairsGirl/statuses/591621166772588545,,100.0,49376,474,,,,0
a59a72697c8855b9e6a1e36a45c98254,Twitter,Twitter,2015-04-19T05:03:46.000-05:00,,"RT @hossb007: Hey kids it's cold and flu season, don't forget to add a little orange juice into your vodka",positive,true,FR¬£DO WE$T,SmoothFiasco,https://pbs.twimg.com/profile_images/588539204851740672/Fw_DBPXt_normal.jpg,None,none,,I am Oxytosin ‚ôâÔ∏è,,,http://twitter.com/SmoothFiasco/statuses/589655604635000832,,99.9,672,63,,,,0
dda6567f2d0fb3428f65ad04fe385549,Twitter,Twitter,2015-04-19T03:17:39.000-05:00,,"Not having luck with chemists lately. Got no help deciding between cold &amp; flu tabs. And I ask for cold &amp; flu, it doesn't mean lemon lolly",positive,true,Kathy Hall,Kathblue,https://pbs.twimg.com/profile_images/579600621277298689/aJm2m1rB_normal.jpg,Female,none,,Foodie | Adelaide | Crows Gal | Amateur Blogger | Cook | Coffee Shop Dreamer | Single,,,http://twitter.com/Kathblue/statuses/589628901116096512,,99.8,1417,,,,,0
4297741c0e68fbc3463ddc3f15430f54,Twitter,Twitter,2015-04-19T21:17:42.000-05:00,,Drinking hot stuff will only make it worse. ‚Äú@swayekidd: on my 3rd cup of tea. I'm beginning to feel sick. This flu‚Äù,positive,true,Miss Koi-Koi,setorking,https://pbs.twimg.com/profile_images/575368225464139778/F3Wtv_s4_normal.jpeg,Female,none,,QUEEN,,,http://twitter.com/setorking/statuses/589900706288644097,,99.8,1181,,,,,0
e2f206bbfc46a6391af402ab7bb6192f,Twitter,Twitter,2015-04-20T02:47:06.000-05:00,,RT @Lamp: Coming down with the flu? Drink hand sanitizer it kills 99.99% of the bad germs.,none,false,Regan McKee ‚ùÅ,regan_mckee,https://pbs.twimg.com/profile_images/580962154624393217/5RK8v92__normal.jpg,Female,none,,"we had nothing to lose, nothing to gain, nothing we desired anymore, except to make our lives into a work of art. || #reah",,,http://twitter.com/regan_mckee/statuses/589983601002872834,,99.8,529,1533,,,,0
fb9bc313e3044eec82ff1af7c6bb6847,Twitter,Twitter,2015-04-19T17:00:23.000-05:00,,"Stuffy, runny nose? Add some garlic to your next meal, it has been shown to help fight seasonal allergies #GarlicDay #Spring #Allergies",positive,true,Tanya Zuckerbrot,F_Factor,https://pbs.twimg.com/profile_images/2966660023/a9d1c4da9c729c6724fb99bc6d82f21f_normal.jpeg,Female,none,,"Follow F-Factor founder, Tanya Zuckerbrot MS, RD,  for daily diet, nutrition, and lifestyle tips! Be inspired to look and feel your best the F-Factor Way!",,,http://twitter.com/F_Factor/statuses/589835947719544832,,99.8,9521,,,,,0
9234b70ec912d291d651110447e43ae4,Twitter,Twitter,2015-04-19T03:12:35.000-05:00,,Also I'm suddenly super sick with flu like symptoms so if anyone could bring me homemade chicken noodle soup I'd kiss you,positive,true,Alana Rosansky,alanarosansky,https://pbs.twimg.com/profile_images/564444799953281024/1-g4Y9wY_normal.jpeg,Female,none,,‚Ä¢This devil wears J.Crew‚Ä¢Currently surviving college on coffee & cocktails‚Ä¢,,,http://twitter.com/alanarosansky/statuses/589627624705626112,,99.8,326,,,,,0
33a8f1514a6bb418d9e4661a450387f2,Twitter,Twitter,2015-04-17T14:04:01.000-05:00,,"RT @JackShellWYCD: Spray a little Lysol on your radio, cause here I come!  No bronchitis for @Stevegrunwald.",positive,true,Steve Grunwald,Stevegrunwald,https://pbs.twimg.com/profile_images/476902584675225600/9PEnfL_X_normal.jpeg,Male,none,,Tune in to Steve Grunwald on 99.5 WYCD weekdays from 5 to 10 a.m. on The Dr. Don Morning Show With Rachael & Grunwald,,,http://twitter.com/Stevegrunwald/statuses/589066787867627520,,99.7,2900,1,,,,0
1991a0fbb710ed33a4eb590dd888b255,Twitter,Twitter,2015-04-19T22:25:12.000-05:00,,Not to forget how bird flu prevented people from eating Chicken. Chickens and eggs became very cheap like Garri.,none,false,LONDONER,lilbature,https://pbs.twimg.com/profile_images/582848396160974848/4x_kcqcV_normal.jpg,None,none,"Abuja, Nigeria, Nigeria",photo Journalist: Savannah Television.,9.058784,7.465143,http://twitter.com/lilbature/statuses/589917691672133632,,99.7,4199,,,,,0
134cfc49a119030f269fd5d5a2bd2486,Twitter,Twitter,2015-04-22T18:45:14.000-05:00,,Every time Nydira cough I spray Lysol. She not getting me sick! üò∑üò∑,none,false,May 23 ‚ôäÔ∏è,Cece_SoPretty,https://pbs.twimg.com/profile_images/590633416783167490/4EIU2CBX_normal.jpg,Female,none,"Houston, TX, United States",19 | Biology Major | TXSU'18| I ‚ù§Ô∏è Coop.,29.727463,-95.364177,http://twitter.com/Cece_SoPretty/statuses/590949498647486464,,99.6,740,,,,,0
0dc1a20f5316d400994a1e051cbc1691,Twitter,Twitter,2015-04-19T21:08:38.000-05:00,,on my 3rd cup of tea. I'm beginning to feel sick. This flu,positive,true,IBRA THE COPT,swayekidd,https://pbs.twimg.com/profile_images/589061147342540801/0-VEokQP_normal.jpg,None,none,,Ordinary Man ||Writer || Man Utd|| Music || Books || http://culartblog.wordpress.com,,,http://twitter.com/swayekidd/statuses/589898424251625472,,99.6,2136,,,,,0
21a04769ea6254bfa81d0dac62c165d5,Amazon,E-Commerce,2012-02-18T00:00:00.000-06:00,,"A friend sent me two boxes of this for Christmas. I thought it an odd gift, as I can just go out and buy herbal tea. Shortly thereafter, I was flung into major stress and chaos during an extreme family crisis. I started drinking this tea to help with unexpected stomach pains and it worked! Not only that, during this time, other family members got physically ill, but I was able to carry on without catching the bug. Since then, I'm a believer. I make this as iced tea for daytime and drink a cup at night before bed.",positive,false,"C. Vanzandt ""Pediatrician""",,,None,none,"Orlando, FL",,28.43,-81.32,http://www.amazon.com/Triple-Leaf-Tea-20-Count-Boxes/product-reviews/B000LKZTSC/ref=cm_cr_pr_top_recent?ie=UTF8&showViewpoints=1&sortBy=bySubmissionDateDescending,,99.6,,,,,,
62c553f768cfe2eefe9e917787b5e027,Amazon,E-Commerce,2011-03-04T00:00:00.000-06:00,1 out of 4 or these didn't have any towels in it and another one of them didn't have any liquid in it!!!,"This company is terrible. I received these towels and 1 out of the 4 tubes didn't even have any of the wipes in it, another one of them didn't have any liquid in it. For $26.00 I got completely ripped off and the company didn't even respond to my message about it.",negative,false,"Raeanne Depover ""RaeAnne""",,,Female,none,"Bettendorf, IA",,42.0046,-93.214,http://www.amazon.com/Clorox-fresh-scent-orange-viruses/product-reviews/B0015UQI4Q/ref=cm_cr_pr_btm_link_next_2/178-5967111-6740956?ie=UTF8&pageNumber=2&showViewpoints=0&sortBy=bySubmissionDateDescending,,99.5,,,,,,
91bbbd03b791ef5e34a533f7f3251bde,Amazon,E-Commerce,2011-02-28T00:00:00.000-06:00,"Love the product, hate the price","Wow, I can't believe that I spent over 20 dollars on this item. I went to Costco this weekend and found that I could buy the exact same thing there for 10 dollars less. I was amazed and ashamed that I spent so much money on these. I know people have said it before, but it pays to check around. It was hard (because I was embarrassed) to tell my husband the difference in price I paid. Please pay attention to prices!!!",neutral,false,looneyluden,,,Female,none,"Tucson, AZ USA",,32.12,-110.93,http://www.amazon.com/Clorox-fresh-scent-orange-viruses/product-reviews/B0015UQI4Q/ref=cm_cr_pr_btm_link_next_2/178-5967111-6740956?ie=UTF8&pageNumber=2&showViewpoints=0&sortBy=bySubmissionDateDescending,,99.5,,,,,,
6f87f22b21a71b26ffce9e98cc96f11e,Amazon,E-Commerce,2011-05-10T00:00:00.000-05:00,Good change of pace from Lysol,"Lysol has done well in this market for a several years now. However, Chlorox can hold it's own and deliver a fairly solid product for sanitizing wipes. - Different scents gives the wipes a little more life than the mundane usual. Shouldn't cleaning be fun afer all? - Plenty moist. The wipes are very moist and provides lots of moisture, which covers a good surface area - Detail. Microfiber holes gets more dust, debris, and other materials with a wipe. - Value. You will get through all four containers because this is a quality product that is fun to use when you're cleaning. With that said, you'll get your moneys worth because of the bulk packaging and quality. Have fun cleaning!",positive,false,Danny Yu,,,Male,none,"San Francisco, CA",,37.75,-122.68,http://www.amazon.com/Clorox-fresh-scent-orange-viruses/product-reviews/B0015UQI4Q/ref=cm_cr_pr_btm_link_next_2/178-5967111-6740956?ie=UTF8&pageNumber=2&showViewpoints=0&sortBy=bySubmissionDateDescending,,99.5,,,,,,
55c9b4f7fea4b204d077ebb06f18a573,Amazon,E-Commerce,2009-03-09T00:00:00.000-05:00,Good Product,"I purchased 2 of this product, which initially arrived in a poorly packed box and the contents leaked. The shipper was completely up front about the leaking, so I refused the shipment, and they returned it. To the credit of the shipper, they immediately shipped a new package, with much better packing, that arrived a short period after the return. Pros: Good product, good customer service from vendor. Cons: Initial packaging was inadequate, shipping time suffered as result. Summary: I would have rated this purchase at 2 stars, but instead chose to rate it 4 stars, largely due to the customer service which overcame the initial shortcomings of the first shipment.",positive,false,"m. bell ""thinker""",,,Female,none,"Kapolei, HI United States  ¬†¬†",,21.1098,-157.5311,http://www.amazon.com/Clorox-fresh-scent-orange-viruses/product-reviews/B0015UQI4Q/ref=sr_1_205_cm_cr_acr_img?ie=UTF8&showViewpoints=1,,99.5,,,,,,
99900fc11e8c06744adaef08acf289e0,Amazon,E-Commerce,2009-11-01T00:00:00.000-05:00,Love Product/paid too much from this vendor,Check your pricing before you purchase! I paid triple what this product costs because I picked the wrong one and just clicked through the check out process. Instead of paying $22 you can get this product at stores for $12 - $13 OR there was a special on Amazon. com for $7.95 for the 4 pack!,positive,false,nancy l. hehemann,,,Female,none,¬†¬†,,,,http://www.amazon.com/Clorox-fresh-scent-orange-viruses/product-reviews/B0015UQI4Q/ref=sr_1_102_cm_cr_acr_img/180-3578619-5711437?ie=UTF8&showViewpoints=1,,99.5,,,,,,
4c45ce76675d8149375b65283e9f4ef5,Amazon,E-Commerce,2007-08-10T00:00:00.000-05:00,Dispenser is a Pain,"The wipes are great, especially the orange kind, but the dispenser sucks. The wipes aren't too goopy, like Lysol Wipes, and don't rip as easily as Lysol Wipes. Clorox Wipes sometimes shift in the container, so when you go to open them for the first time and draw out the first wipe, it can be difficult to locate, because the center hole sometimes closes (because the wipes fold together), and another area of the roll opens. Once you have the the first wipe through the dispenser opening, it's difficult to get just one out for the first three or four; they all come out at the same time, creating a bulky struggle to get them out of the opening. After that, they come out much easier, but you still can easily draw out too many at once. Once you reach the last few wipes, you get the problem that you had at the beginning, with two to four of the wipes coming out at once. I would like Clorox to use an opening more like the one used for PLX4703 Antibacterial Wipes, Thick, 40 Count.",neutral,false,"jennifer whildin ""jen""",,,Female,none,"South Jersey, USA  ¬†¬†",,,,http://www.amazon.com/Clorox-fresh-scent-orange-viruses/product-reviews/B0015UQI4Q/ref=sr_1_102_cm_cr_acr_img/180-3578619-5711437?ie=UTF8&showViewpoints=1,,99.5,,,,,,
5d0152aaab637754d67e29e240b15f12,Twitter,Twitter,2015-04-03T00:48:14.000-05:00,,Ugh I know why I feel sick. I've been drinking bad milk!!!!!!!!!! How come I did not notice?,positive,true,Cindy Herondale,WalkAwayCindy,http://pbs.twimg.com/profile_images/583791929407639553/EcDTJHHo_normal.jpg,Female,none,"Los Angeles,CA & MARS","18,Twin,ECHELON whose a lil Mofo x)Harry Potter | FSOG | Reign | ‡´™ #TheMortalInstruments |BLACK VEIL BRIDES| @AndyBVB ‚ù§ Saw @Jamiebower on 5.6.14 ‚ù§‚ù§ ‚Ç™ √∏ lll¬∑o.",33.951351,-118.291757,https://twitter.com/statuses/583793094182637568,,99.5,1472,,,,,
70070057fc65394938319b6cc48b8370,Twitter,Twitter,2015-04-20T08:33:34.000-05:00,,"Our tea lady came to the office with some heavy flu, and they let her make tea and coffee for everyone in the office..............ffukk",none,false,Edward,Eddy_Kully,https://pbs.twimg.com/profile_images/589101022578094081/J9zZePWL_normal.jpg,Male,none,"Namibia, Namibia",The real moral of Eddy Kully 's story is that no one will like you until you have something they want or need........,,,http://twitter.com/Eddy_Kully/statuses/590070790994931712,,99.5,1396,,,,,0
66a3ea08811b2c474e05a77539330841,Twitter,Twitter,2015-04-24T13:12:11.000-05:00,,Have not been sick in years. Chicken orzo soup in order for my bad cold/flu thing. Ugh,positive,true,Chef Robin White,canapes45,https://pbs.twimg.com/profile_images/378800000455840974/a0485f3629367a00ec34ac855c60b09c_normal.jpeg,None,none,,"Chef, Food Editor at http://t.co/KyNkeSv419, Creator of the Virtual Dinner, Food and Wine Professional, Promoter of things extraordianry, Slow Foods, No GMO",,,http://twitter.com/canapes45/statuses/591590459597664257,,99.5,10684,,,,,0
f28018a1175b7a9b2bd1f77899ec1fa7,Twitter,Twitter,2015-04-19T06:17:39.000-05:00,,"RT @hossb007: Hey kids it's cold and flu season, don't forget to add a little orange juice into your vodka",positive,true,Carolyn BurnsMcCrave,CarolynBurnsMcC,https://pbs.twimg.com/profile_images/460629616210620416/ptw9glB0_normal.jpeg,Female,none,,Design expert and mentor on Channel 7's House Rules.,,,http://twitter.com/CarolynBurnsMcC/statuses/589674198194266112,,99.5,992,64,,,,0
be05f7897b3cdcf7f87f1e16d20736e3,Amazon,E-Commerce,2014-01-29T00:00:00.000-06:00,,"great stuff! if you liked the USA theraflu you will like this, esp since you cant get theraflu anymore. just keep in mind that the main ingredient in this, Paracetamol, is exactly the same as acetaminophen / tylenol / APAP. so unless you want to od, shut down your liver and die...DO NOT TAKE WITH OTHER PRODUCTS CONTAINING ACETAMINOPHEN!",positive,false,"Diane E. Nielson ""moonhunt18""",,,Female,none,beaverton. or usa,,,,http://www.amazon.com/Lemsip-Cold-Lemon-Sachets-Pack/product-reviews/B000LNEBQA/ref=cm_cr_pr_top_recent?ie=UTF8&showViewpoints=1&sortBy=bySubmissionDateDescending,,99.5,,,,,,
95ac2cd263d0910a59ae82ab02d448f9,Amazon,E-Commerce,2013-01-17T00:00:00.000-06:00,"Tried it in the UK, had to get it back home.","This stuff puts theraflu to shame. It uses some medicines that they don't put in things over here in the states. So if you're using theraflu and can afford to get some of this stuff, try it out you won't be disappointed.",positive,false,John Klatt,,,Male,none,"Round Rock, TX United States",,31.106,-97.6475,http://www.amazon.com/Lemsip-Cold-Lemon-Sachets-Pack/product-reviews/B000LNEBQA/ref=cm_cr_pr_top_recent?ie=UTF8&showViewpoints=1&sortBy=bySubmissionDateDescending,,99.5,,,,,,
16d856998ed1b3152f9d9a27d393d451,Amazon,E-Commerce,2012-12-02T00:00:00.000-06:00,As described,"Item was received as described, in good condition, and these wipes are good quality. Great for quickly cleaning messes and sanitizing counters or other surfaces.",positive,false,becky,,,Female,none,,,,,http://www.amazon.com/Clorox-fresh-scent-orange-viruses/product-reviews/B0015UQI4Q/ref=cm_cr_pr_top_recent?ie=UTF8&showViewpoints=1&sortBy=bySubmissionDateDescending,,99.5,,,,,,
d0c27ec0808b751c0326051f945bbfea,Amazon,E-Commerce,2012-10-02T00:00:00.000-05:00,Love these wipes,use these on anything from the kitchen to the bathroom. Smell great and they actually are able to get the grime of the counter tops. Ive tried 'cheaper' brands but they were nowhere as moist or as large as these wipes. I get these at costco and I am not sure what the price is there but I think its a few bucks cheaper than amazon.,positive,false,ron g.,,,Male,none,,,,,http://www.amazon.com/Clorox-fresh-scent-orange-viruses/product-reviews/B0015UQI4Q/ref=sr_1_205_cm_cr_acr_img?ie=UTF8&showViewpoints=1,,99.5,,,,,,
fcc906ec1d46834c008f2401f4cc036a,Twitter,Twitter,2015-04-22T00:39:09.000-05:00,,all I've had to eat today is 7 crackers. stomach flu ain't a joke üò∑,none,false,Hay,Haylee_Grace,https://pbs.twimg.com/profile_images/590353883492388864/5JSAV0RC_normal.jpg,None,none,"Charleston, TN, United States",find the good and praise it. WVHS '16,35.282367,-84.767015,http://twitter.com/Haylee_Grace/statuses/590676179113377792,,99.4,667,,,,,0
95ac3093a80ca2a183ff5a84b3241cdd,Twitter,Twitter,2015-04-22T00:35:07.000-05:00,,"RT @KatNikulainen: Mexico bans poultry, eggs from bird flu-hit Iowa  via @josephjett #news http://t.co/HRXQfVdB52",none,false,Joseph Jett,josephjett,http://pbs.twimg.com/profile_images/368849734/Joseph_Jett_normal.jpg,Male,none,"New York, NY","Father, CEO, Author, Speaker, Harvard MBA, MIT MS BS http://www.joseph-jett.com Private Equity, Intl. Corporate Finance, Expert Witness, Reputation Management",40.77,-73.98,https://twitter.com/statuses/590675162732855296,,99.4,121283,,,,,
10bfda6f10ce9b3383bbf97f7dedf3d1,Twitter,Twitter,2015-04-22T23:34:33.000-05:00,,@Sharnell_Smiles lets go to Walmart and get you actual sinus medicine sis. NyQuil and cold and flu ain't gone help you,positive,true,Blair ¬¥Proctor,Blair_Proctor,https://pbs.twimg.com/profile_images/588969203379478528/dRX_F2t__normal.jpg,Male,none,,University of Arkansas. Broadcast Journalism. AKA ‚ù§Ô∏è,,,http://twitter.com/Blair_Proctor/statuses/591022306991833088,,99.4,1088,,,,,0
e3538c12506f2933f635e58c2a23ab37,Twitter,Twitter,2015-04-17T15:05:14.000-05:00,,RT @LifeCurrentsDeb: #Cinnamon Sore Throat Tea for when you're feeling #sick with a #cold #feelBetter http://t.co/M6P9DRNg5M http://t.co/heNhoSXkLe,positive,true,Cami @ TitiCrafty,TitiCrafty,https://pbs.twimg.com/profile_images/432974852538904576/dUqaKYXq_normal.jpeg,Female,none,,"I'm Cami, a mom, wife, Graphic/Web designer & crazy crafter. I share my love & passion for all things handmade: crafts, DIY projects & recipes.",,,http://twitter.com/TitiCrafty/statuses/589082194989178880,http://pbs.twimg.com/media/CCkjnj3WgAABqnR.jpg,99.4,3170,14,,,,0
27d60080193461d7113fe186d793984d,Amazon,E-Commerce,2012-08-24T00:00:00.000-05:00,Not Packaged Well,"This was horrible. When I received the box, it was wet from the Clorox leaking. I had bought Tide, also, so they packaged everything in one box with no protection for the products. Everything was wet. I will buy Clorox wipes from Sam's.",negative,false,"Linda Ann Joslin ""texaspm""",,,Female,none,Austin Tx,,,,http://www.amazon.com/Clorox-fresh-scent-orange-viruses/product-reviews/B0015UQI4Q/ref=cm_cr_pr_top_recent?ie=UTF8&showViewpoints=1&sortBy=bySubmissionDateDescending,,99.3,,,,,,
33e25f75550ebeeb16a088f8aeac08c2,Amazon,E-Commerce,2013-09-14T00:00:00.000-05:00,Change back to original formula,"Do not like the new formula, it cuts greese but leaves a film behind on all surfaces. The original formula was much better. Clorox please change back.",negative,false,robert w. smith,,,Male,none,,,,,http://www.amazon.com/Clorox-fresh-scent-orange-viruses/product-reviews/B0015UQI4Q/ref=cm_cr_pr_top_recent?ie=UTF8&showViewpoints=1&sortBy=bySubmissionDateDescending,,99.3,,,,,,
b938a4752c783afee509cde79d8f49bb,Twitter,Twitter,2015-04-23T23:13:40.000-05:00,,"@chrissykitty13 When I was younger orange juice would make me feel sick, but now I can drink it no problem.  Sadly, there is none now.",none,false,Jason,Adaptive_Slayer,http://pbs.twimg.com/profile_images/541015419356577792/go3YmbKw_normal.jpeg,Male,none,HTTPS://???.???.???.???:?????,"XBL GT:  Adaptive Slayer

Twitch.TV:  http://t.co/AkI2tzFNyc

YouTube:  https://t.co/sYsplJVM0A

#MyFiance #MyFutureWife is Christa here:  @chrissykitty13",,,https://twitter.com/statuses/591379440883671040,,99.3,2596,,,,,
4553cbe619be6a3971e213a449d86bc8,Twitter,Twitter,2015-04-24T19:34:49.000-05:00,,"Ok, elenaciprietti let's have an aperitivo with some ginger to treat my flu üòò @ UGO Cocktail bar-‚Ä¶ https://t.co/4St3334vdP",none,false,Laura La Monaca,dailybreakfast,http://pbs.twimg.com/profile_images/464360988834164737/IGc0Zm5a_normal.jpeg,Female,none,Milan,Sicilian Photographer + Food Stylist | Sustainability-oriented | instagram @dailybreakfast | Milan Based http://lau.vsco.co http://dailybreakfast.net,45.451703,9.173611,https://twitter.com/statuses/591686753322442752,,99.3,654,,,,,0
511206567cf118e6dc6bce10cd8579f9,Twitter,Twitter,2015-04-08T17:01:15.000-05:00,,"spicy food does not agree with me, I feel like ima be sicküò≠üò≠üò≠",negative,true,katy,yibojpg,http://pbs.twimg.com/profile_images/585146593608892416/3yFygTch_normal.jpg,Female,none,England,"key, jongin n taemin are life",,,https://twitter.com/statuses/585849901155807232,,99.3,711,,,,,
39ac4673effde3b1a3376706b560057d,Twitter,Twitter,2015-04-24T14:15:35.000-05:00,,"SOS need Gatorade, ginger ale &amp; saltine crackersüò≠üò∑ stomach flu is no joke ppl",none,false,Cassidy Hughes,CassidyHughes95,https://pbs.twimg.com/profile_images/580117385065025536/9mzL97wX_normal.jpg,Female,none,"Delray Beach, FL, United States","One who is not restrained, as by convention or obligation; a nonconformist ‚Ä¢ Future music marketer ‚Ä¢ South Florida",26.436194,-80.119243,http://twitter.com/CassidyHughes95/statuses/591606414826680320,,99.3,521,,,,,0
f9482b09b0d931be290ca2ee90222256,Amazon,E-Commerce,2012-02-06T00:00:00.000-06:00,,"This product was effective at reducing the symptoms of a mild cold that seems to be rampant among riders on the subway system in New York lately. I was a sniffling, sneezing and coughing mess and this product reduced all of those symptoms as well as any other cold medicine I have tried. I expected this product to be free of artificial dyes and sweeteners from the title, but it contains the artificial sweetener sucralose. This leaves the added honey as a marketing gimmick in my opinion. It adds a slight honey flavor to the tablets, but the artificial sweetener taste is more evident. While the active ingredients in cold medicines are not natural, I think there is a large customer demographic that would appreciate if the added ingredients were. The less artificial ingredients the better. I hope the ""Nature Fusion"" line continues, as it is a great idea, but it missed the mark with the added ingredients.",positive,false,Rob Leonte,,,Male,none,"New York, New York",,,,http://www.amazon.com/Vicks-Nature-Fusion-Multi-Symptom-Caplets/product-reviews/B005GS7ZVS/ref=cm_cr_pr_top_recent?ie=UTF8&showViewpoints=1&sortBy=bySubmissionDateDescending,,99.2,,,,,,
4f3d34d018d0ea369c61f196fdaa695c,Amazon,E-Commerce,2013-06-03T00:00:00.000-05:00,,"I bought this tea as a possible preventative when the cold and flu season started. Instead, I got a horrendous lung virus that was going around at the time. After three weeks, I went to the doctor and got a prescription for a heavy duty cough suppressant. It helped some, but I was still suffering. Still couldn't sleep at night because of the constant hacking. In desperation, I tried a cup of this before going to bed. I slept soundly except for two very minor little coughs; and I do mean minor. Almost a clearing of the throat. Drank a cup in the morning and didn't have a problem all day. I was pretty sure it was gone; but to be on the safe side, I drank my third cup before going to bed the second night. I was cured! Now I keep it on hand for any lung problems. Still haven't had a chance to test it on colds or flus but I'm sure it will do a great job giving relief.",positive,false,Colin Bayler,,,Male,none,"Plymouth, IN USA",,39.8647,-86.2604,http://www.amazon.com/Triple-Leaf-Tea-20-Count-Boxes/product-reviews/B000LKZTSC/ref=cm_cr_pr_top_recent?ie=UTF8&showViewpoints=1&sortBy=bySubmissionDateDescending,,99.2,,,,,,
ae276323520dafcdbbda94902e806bcf,Twitter,Twitter,2015-04-03T21:37:53.000-05:00,,"RT @hossb007: Hey kids it's cold and flu season, don't forget to add a little orange juice into your vodka",positive,true,lauralee ‚ô°,lauraleeksmith,https://pbs.twimg.com/profile_images/572127836544356352/0BP_QXu0_normal.jpeg,Female,none,,http://favstar.fm/users/lauraleeksmith,,,http://twitter.com/lauraleeksmith/statuses/584107578692509696,,99.2,1125,59,,,,0
b955a35002b5d79d8b4abafc10156e16,Twitter,Twitter,2015-04-24T16:24:54.000-05:00,,RT @canapes45: Have not been sick in years. Chicken orzo soup in order for my bad cold/flu thing. Ugh,positive,true,andrea sutton,dezinechops,https://pbs.twimg.com/profile_images/587298092480729088/K4e9eu9D_normal.jpg,Female,none,,"Designing productive experiences, momentum, and great UX teams.",,,http://twitter.com/dezinechops/statuses/591638960285159424,,99.1,1030,1,,,,0
9cd7c7cfabac64c37d2b71823d9b5bfb,Twitter,Twitter,2015-04-20T20:02:39.000-05:00,,"@Zak_Bagans @WebMD  I've  read that  lemon juice and honey helps with the  flu, but never with allergies.",positive,true,Tereena,lifebeing44,https://pbs.twimg.com/profile_images/578494734181646336/xgiKHZf1_normal.jpeg,None,none,,"PARANORMAL IS ALL AROUND YOU just open your eyes!!!  Never walk away give a helping hand to those in need, you never know if you will need the favor returned.",,,http://twitter.com/lifebeing44/statuses/590244204795670528,,99.1,669,,,,,0
04e912e4b0fab800b74e967bf29bc440,Amazon,E-Commerce,2013-11-13T00:00:00.000-06:00,Lysol wipes - great especially during the flu season,"I usually buy the lysol wipes from amazon they are the cheapest I can find them. They kill germs and clean kitchen and bathroom countertops as well as toilet seats, door knobs, remote controls, microwaves,etc..",positive,false,john giuffre,,,Male,none,,,,,http://www.amazon.com/Lysol-Disinfecting-Wipes-Value-Blossom/product-reviews/B006PEC5M6/ref=cm_cr_pr_top_recent?ie=UTF8&showViewpoints=1&sortBy=bySubmissionDateDescending,,99.1,,,,,,
6ea015e095a35ae02e3adbc4f91c2c51,Twitter,Twitter,2015-04-14T15:21:04.000-05:00,,RT @angejim0531: Guard your family against cold &amp; flu season with these easy #DIY Disinfectant Wipes from @ashleykristinem! &gt;&gt; http://t.co/7yc5msM5sw,positive,true,Ashley,AshleyKristineM,https://pbs.twimg.com/profile_images/569942718764560384/LMUtjS-M_normal.jpeg,Female,none,,"#Family blogger at A Party of Four. Full time #SAHM with a passion for all things crafty, delicious, caffeinated and inspiring.",,,http://twitter.com/AshleyKristineM/statuses/587999017457573888,,99.1,1524,1,,,,0
cd26713a4c44ec36d54234fe832de199,Amazon,E-Commerce,2009-10-24T00:00:00.000-05:00,"Great product, annoying dispenser","I've been purchasing this product for years, but only since last Nov from Amazon (best price around!). This product along with microfibre towels have completely eliminated all other cleaning products from my home. I trust the Clorox name and find new uses for these towelettes all the time.Use in the bathroom and kitchen is a no brainer - from countertops, tables, sinks, ranges, frig/freezer, to spills on the floor, rain/mud spatters from the dogs coming in from the rain/snow. I even use them as hand sanitizers when in a hurry (or lazy) and don't want to hike to the bathroom for the hand sanitizer. I especially like them for the glass shower doors - wet enough to wash the doors well and then use microfiber towel (with NO elbow grease) and they sparkle like new. While they aren't great on mirrors (they do streak), I've used them for that also and then just microfibered the mirror dry. No streaks or that fogging appearance.I agree that the dispenser is, well, to be nice I'll use the term 'annoying'. The first several (with me it is more like 6-10) wasted wipes just trying to separate the first one from the center of the roll. In transit, they flop into one another and finding that first, crucial wipe to pull through the 'saloon door' type dispenser clips can take about 10 minutes if you are patient. I'm not. When I want a wipe, I want a wipe. So, off comes the lid, I insert a pencil (eraser side first) hope I'm in the exact center, press the eraser against the wipe and press/pull upward. It does work, but I don't always get the very center of the roll the first time around. Once THAT chore is done, the saloon door type clips NEVER stay together. One side is always dipping into the canister, so getting just one wipe often takes 2 hands - I've wasted so much time playing around trying to keep the two saloon doors closed so the wipe pulls through their center just one at a time...no more. If I get more than one wipe, I just stuff it back inside to be used later.All in all, I like this product and will continue using it regardless of the crazy dispenser. It is the product I want, not the container. To be fair, I've used an assortment of baby wipes in the past that have ridiculous dispensers also - havent' found one yet that dispenses just one at a time unless it is the refill where I must lift the label/tab off the opening and then reseal it. And even that takes two hands.The clorox wipes are wet enough to do the job; any job and don't drip or dibble until perhaps the last 3-4 in the canister that are a bit too wet, but after using this product for a while, I'm used to that. When I get to the bottom and use the last few wipes, I simply open another canister and pour the extra cleaning solution into the new canister. Figure it can't hurt anything. I use these for cleaning the car, the tires, the wheels, dash, a/c vents, etc. I also use them for cleaning all my dog crates (12 humongous crates throughout the house as I foster dogs until they find homes and own 7 of my own-all Greyhounds). I used to use a brush and dustpan to first clean up the crate-laden sand, dirt and grit, then spray cleaners with sponges, towels, etc. Now, I remove the bedding for the laundry, crawl into the crate with 2-3 wipes and in less than 2 minutes the entire crate is clean, sanitized and smells nice, all ready for the clean bedding. Makes my life sooo much easier.The product is great; the price here is wonderful, esp. at Prime. I've never had a ill-packaged delivery and I keep coming back for more. If you can ignore the challenges of the dispenser and just go for the wipes every time, I think you'll be very pleased.ps-the canisters, when empty, are a perfect fit on my frig door. I use a pair of scissors and cut the top 1/4 of the canister off (just making it a teesy bit shorter). What do I use it for? Holds the baking soda box and keeps it from spilling all over the place for one. BUT, my best use is the almost empty salad dressing, ketchup and mustard bottles - put this 'tailored' canister on the frig door, turn the almost-empty bottle upsidedown and place in the canister. VOILA! Beats tapping and pounding the bottom of the bottle to get the last inch or so out without waste. If something drips, easy to wash out.",positive,false,purpledog,,,Female,none,Northeast USA,,,,http://www.amazon.com/Clorox-fresh-scent-orange-viruses/product-reviews/B0015UQI4Q/ref=sr_1_102_cm_cr_acr_img/180-3578619-5711437?ie=UTF8&showViewpoints=1,,99.1,,,,,,
a0cf34c1fa3e809f92e70008eecf971f,Amazon,E-Commerce,2010-01-10T00:00:00.000-06:00,Love the product; annoying dispenser could use facelift,"I've been purchasing this product for years, but only since November '08 from Amazon (best price around!). This product along with microfibre towels have completely eliminated all other cleaning products from my home. I trust the Clorox name and find new uses for these towelettes all the time.Use in the bathroom and kitchen is a no brainer - from countertops, tables, sinks, ranges, frig/freezer, to spills on the floor, rain/mud spatters from the dogs coming in from the rain/snow. I even use them as hand sanitizers when in a hurry (or lazy) and don't want to hike to the bathroom for the hand sanitizer. I especially like them for the glass shower doors - wet enough to wash the doors well and then use microfiber towel (with NO elbow grease) and they sparkle like new. While they aren't great on mirrors (they do streak), I've used them for that also and then just microfibered the mirror dry. No streaks or that fogging appearance.I agree that the dispenser is, well, to be nice I'll use the term 'annoying'. The first several (with me it is more like 6-10) wasted wipes just trying to separate the first one from the center of the roll. In transit, they flop into one another and finding that first, crucial wipe to pull through the 'saloon door' type dispenser clips can take about 10 minutes if you are patient. I'm not. When I want a wipe, I want a wipe. So, off comes the lid, I insert a pencil (eraser side first) hope I'm in the exact center, press the eraser against the wipe and press/pull upward. It does work, but I don't always get the very center of the roll the first time around. Once THAT chore is done, the saloon door type clips NEVER stay together. One side is always dipping into the canister, so getting just one wipe often takes 2 hands - I've wasted so much time playing around trying to keep the two saloon doors closed so the wipe pulls through their center just one at a time...no more. If I get more than one wipe, I just stuff it back inside to be used later.All in all, I like this product and will continue using it regardless of the crazy dispenser. It is the product I want, not the container. To be fair, I've used an assortment of baby wipes in the past that have ridiculous dispensers also - havent' found one yet that dispenses just one at a time unless it is the refill where I must lift the label/tab off the opening and then reseal it. And even that takes two hands.The clorox wipes are wet enough to do the job; any job and don't drip or dibble until perhaps the last 3-4 in the canister that are a bit too wet, but after using this product for a while, I'm used to that. When I get to the bottom and use the last few wipes, I simply open another canister and pour the extra cleaning solution into the new canister. Figure it can't hurt anything. I use these for cleaning the car, the tires, the wheels, dash, a/c vents, etc. I also use them for cleaning all my dog crates (12 humongous crates throughout the house as I foster dogs until they find homes and own 7 of my own-all Greyhounds). I used to use a brush and dustpan to first clean up the crate-laden sand, dirt and grit, then spray cleaners with sponges, towels, etc. Now, I remove the bedding for the laundry, crawl into the crate with 2-3 wipes and in less than 2 minutes the entire crate is clean, sanitized and smells nice, all ready for the clean bedding. Makes my life sooo much easier.The product is great; the price here is wonderful, esp. at Prime. I've never had a ill-packaged delivery and I keep coming back for more. If you can ignore the challenges of the dispenser and just go for the wipes every time, I think you'll be very pleased.ps-the canisters, when empty, are a perfect fit on my frig door. I use a pair of scissors and cut the top 1/4 of the canister off (just making it a teesy bit shorter). What do I use it for? Holds the baking soda box and keeps it from spilling all over the place for one. BUT, my best use is the almost empty salad dressing, ketchup and mustard bottles - put this 'tailored' canister on the frig door, turn the almost-empty bottle upsidedown and place in the canister. VOILA! Beats tapping and pounding the bottom of the bottle to get the last inch or so out without waste. If something drips, easy to wash out.",positive,false,purpledog,,,Female,none,Northeast USA,,,,http://www.amazon.com/Clorox-fresh-scent-orange-viruses/product-reviews/B0015UQI4Q/ref=cm_cr_pr_btm_link_next_2/175-8813630-6876832?ie=UTF8&pageNumber=2&showViewpoints=0&sortBy=byRankDescending,,99.1,,,,,,
bb3f38dc4cbb0e4e3b5d3fb665e8045f,Twitter,Twitter,2015-04-23T11:58:10.000-05:00,,And the fact that I'm not aloud to drink orange juice really sucks especially how I have the flu.. #dying,positive,true,Taylor,taynicole74,https://pbs.twimg.com/profile_images/591102820276768769/KsNWn7fd_normal.jpg,Male,none,,instagram: taylor_noseworthy,,,http://twitter.com/taynicole74/statuses/591209445117427714,,99.1,392,,,,,0
d7679d35a9eb7d23b3670a785cea6a11,Twitter,Twitter,2015-04-24T22:03:15.000-05:00,,Going to Long Island. Give me an Iced Tea STAT. I feel cold and vulnerable. #LongIslandMedium http://t.co/GuTEx0w31M,none,false,noah levy,LevysDigest,https://pbs.twimg.com/profile_images/523982105077096448/8HYgFJit_normal.jpeg,Male,none,"Manhattan, NY, United States","Co-Host of VH1's The Gossip Table, Host of the web series Noah's Arc on http://Newyorknatives.com, father of 2 dogs and I love pizza.",40.746579,-73.989843,http://twitter.com/LevysDigest/statuses/591724107416338432,http://pbs.twimg.com/media/CDY51TEWYAADm9R.jpg,99.0,16604,,,,,0
831917dd041ef24760c8fac3cd197fca,Twitter,Twitter,2015-04-20T02:43:20.000-05:00,,I have the flu and my mom is ordering me chicken soup and soft blankies across the country to make me feel better lol üòç,none,false,Taylor Long,taylorrrlong,https://pbs.twimg.com/profile_images/589139481917161473/ojPFu2K6_normal.jpg,Male,none,,ig: taylorlong8,,,http://twitter.com/taylorrrlong/statuses/589982654235213824,,99.0,1022,,,,,0
398f5b2d0b506c9f674c1e8ce33f0caa,Foursquare,Location Based,2012-12-01T18:28:14.000-06:00,,"I love that I can have the feel of Cold Stone, but the taste of frozen yogurt (not to mention less calories!). Also, you get to add the toppings yourself!",positive,true,Tricia P.,,,Female,none,Madison WI United States,,43.075236902476476,-89.52880481568812,,,99.0,,,,,,
e7f0fd06f016e5ac1322e7407ad53ef0,Twitter,Twitter,2015-04-24T20:05:30.000-05:00,,"RT @hvvrules: ""We would also sniff these things called poppers. It's basically a vile of windex that loosens your asshole but feels sick af.""",negative,true,anthonyy,pettid96,https://pbs.twimg.com/profile_images/587109820412506112/R4CmD8T3_normal.jpg,None,none,,Nineteen | Hardstyle‚ò£ | Psytrance | Deep House | #Basshead | IG : glitterdiick | SC : apeezyyyyyy,,,http://twitter.com/pettid96/statuses/591694476222930944,,99.0,771,1,,,,0
27be8d5b7c322664d530084d41a03dbf,Twitter,Twitter,2015-04-19T05:01:21.000-05:00,,"RT @hossb007: Hey kids it's cold and flu season, don't forget to add a little orange juice into your vodka",positive,true,Gidgit VonLaRue,GidgitVonLaRue,https://pbs.twimg.com/profile_images/1464524508/screaming_woman_normal.png,None,none,,Being black and white bitches - wench of @ColonelKickhead,,,http://twitter.com/GidgitVonLaRue/statuses/589654997995900928,,98.9,1459,62,,,,0
10950f802f92010404c5debc3bcf06fb,Twitter,Twitter,2015-04-19T03:15:28.000-05:00,,"RT @hossb007: Hey kids it's cold and flu season, don't forget to add a little orange juice into your vodka",positive,true,√º√ºmlaut strohson,uumlautstrohson,https://pbs.twimg.com/profile_images/574690788908519424/-cuPY6DE_normal.jpeg,None,none,,umlaut (plural umlauts or (rare) ‚Äñ‚Ääumlaute),,,http://twitter.com/uumlautstrohson/statuses/589628351184130048,,98.9,1802,61,,,,0
69b42305ba90f618547d02654ad18108,Twitter,Twitter,2015-04-22T00:54:03.000-05:00,,s/o to mom for going to get me gatorade and water while being sick with the stomach flu. Famüíû @michellerogow,positive,true,Kelsey DeCoster,kelsdecoster,https://pbs.twimg.com/profile_images/590005345113735168/nYvV1z6q_normal.jpg,Female,none,,Living life to the fullest,,,http://twitter.com/kelsdecoster/statuses/590679926929522691,,98.9,429,,,,,0
bde0dd539fe5691df08c5e5d4a8618c5,Twitter,Twitter,2015-04-23T03:48:12.000-05:00,,Pretty sure my boyfriend has the flu so I just wiped down everything in the living room with a disinfectant wipe &amp; am gonna camp here 2nite.,positive,true,Kimi,JayceDatAshe,https://pbs.twimg.com/profile_images/584139587800412160/gTijqcEq_normal.jpg,Female,none,,"25 | Gamer | Cosplayer | #LeagueofLegends NA/LAN | #FFXIV Aether, Adamantoise",,,http://twitter.com/JayceDatAshe/statuses/591086141882896385,,98.9,445,,,,,0
8000309622c266ff28115258382029a9,Twitter,Twitter,2015-04-19T08:31:40.000-05:00,,Sick! #Tea #Sunday #NoBueno #Bronchitis @ Grunerl√∏kka I Oslo https://t.co/CpDtPNN4zX,none,false,Chris Medina,OfficialMedina,https://pbs.twimg.com/profile_images/478557011366268928/nYPXuLjY_normal.jpeg,Male,none,"Oslo, Norway, Norge","Singer/Songwriter/International Recording Artist/Caregiver. Chicago native,LA lover with a New York state of mind.",59.9275,10.766921,http://twitter.com/OfficialMedina/statuses/589707926262173696,,98.8,24636,,,,,0
f2d6e8b04ed9e75cb7496265e6d5d45c,Twitter,Twitter,2015-04-22T16:54:23.000-05:00,,@velvetvaughns if anything make sure you drink plenty of fluids. Try drinking Ginger ale Ginger helps your tummy. Is it a fever or flu or..?,none,false,Brittie Bee,mrsbrittim5,https://pbs.twimg.com/profile_images/590242366520365057/LBkYACln_normal.jpg,None,none,"California, USA, United States",‚ìí‚ìû‚ìù‚ìù‚ìû‚ì° ‚ìú‚ìí‚ìì‚ìû‚ìù‚ìû‚ì§‚ìñ‚ìó My brothers a chocolate addict ‚ñ∂‚ñ∑Santanasgirl‚óÅ‚óÄ,34.29371,-116.340858,http://twitter.com/mrsbrittim5/statuses/590921600658112512,,98.8,535,,,,,0
40d171fb609c5d1dbffcc44ee774914c,Twitter,Twitter,2015-04-19T03:14:36.000-05:00,,"RT @hossb007: Hey kids it's cold and flu season, don't forget to add a little orange juice into your vodka",positive,true,AtlantisCrossing,OutOnTheMoors,https://pbs.twimg.com/profile_images/566517462657560576/SvcMdTHe_normal.jpeg,None,none,,http://twitter.com/search?src=typd&q=from%3A%40Outonthemoors,,,http://twitter.com/OutOnTheMoors/statuses/589628135471120384,,98.8,7965,60,,,,0
8d53b6f7ba8c3071e6a40eeeff0c8b3e,Twitter,Twitter,2015-04-19T12:32:48.000-05:00,,"@Love_BritzyXox Yeah yeah sure sure. Bring me some cold &amp; flu tablets , orange juice, a inhaler and some halls.üòÑ",none,false,Tyler . #8 ‚ôí,tevin_09,https://pbs.twimg.com/profile_images/588486802119397376/puh2o_Tg_normal.jpg,Male,none,"Barbados, Barbados",20.    #ChelseaFC ‚öΩ,13.068799,-59.543021,http://twitter.com/tevin_09/statuses/589768608034607109,,98.8,640,,,,,0
cb59b3be6cc55b67550a8077e174e387,Twitter,Twitter,2014-12-31T07:24:05.000-06:00,,‚Äú@rjoseph7777: @DeeeVaaa Extra Zinc is a great way to fight initial stages of flu‚Äù  Thank you. Forgot zinc.,positive,true,Fran,DeeeVaaa,https://pbs.twimg.com/profile_images/541892809351897088/0aAOH2Ki_normal.jpeg,Female,none,"Hercules, CA, United States","Wrkd in unlim fields in SF Bev.Hills/CentCity, fmr prof singr, humanitarian, super hero 2 some who could not spk 4 thmslvs, HONEST, suffrd racism, detest LIARS",38.010552,-122.264524,http://twitter.com/DeeeVaaa/statuses/550190642488676352,,98.8,3702,,,,,11180
3e7968d33cff1d2b3b8d2572f7889fa1,Twitter,Twitter,2015-04-24T11:39:18.000-05:00,,@KChenoweth Take care Kristin.  I just got over it and my friend ended up with bronchial pneumonia.  Not good. Drink lots of honey lemon tea,positive,true,Audrey Benbow,1_gramma,https://pbs.twimg.com/profile_images/537077445078155264/GUXwK0RW_normal.jpeg,Female,none,"Woodstock, Ontario, Canada","Retired RPN, Brain Aneurysm survivor, Gramma to three beautiful children. Loves life, wine, and a good dirty martini.",,,http://twitter.com/1_gramma/statuses/591567085014282241,,98.8,57,,,,,0
e6fe0ef2c47141093960a5733c2735df,Twitter,Twitter,2015-04-22T01:08:03.000-05:00,,"Now is not the time to catch the flu. Time to up my echinacea, ginger and vitamins intake.",none,false,Kadon (Kay) Douglas,kadietweets,https://pbs.twimg.com/profile_images/586177256424345600/mF61Uxgr_normal.jpg,None,none,"Toronto, Ontario, Canada",Digital Media Manager r2r.ca | Production Coordinator (film/tv) | Mama of 1 | #socajamette | Film biz nerd | #ClassicallyBeautiful Grenadian | je parle francais,43.698276,-79.489136,http://twitter.com/kadietweets/statuses/590683449515765760,,98.7,1069,,,,,0
d7c7f89203ec3489e8aeae53eeeab0b2,Twitter,Twitter,2015-04-19T16:12:52.000-05:00,,"I'm a good vixen and listen to my body. Tea, viatmins, sleep, I already feel I got the cold  out again",positive,true,EosFoxx,EosFoxx,https://pbs.twimg.com/profile_images/2663814679/67bc82d18df56a4a7a1ed55b928dfdc2_normal.jpeg,None,none,,"Happy catvixen! Artist, Animator, Fursuiter, Creature. I post a lot about foxes, art, games and CG",,,http://twitter.com/EosFoxx/statuses/589823989998059520,,98.7,1538,,,,,0
c1281f5e3019a3ca2f3585ba2e85ec08,Twitter,Twitter,2015-04-19T17:45:53.000-05:00,,"I found out i was pregnant at work, feeling sick dab. I went to Walgreens on my break. Took that test &amp; was in denial üò≠ i took like 7 more",positive,true,k$,gorgeouss_kee,https://pbs.twimg.com/profile_images/579045156646559744/Vp3seL34_normal.jpg,None,none,,L‚ù§,,,http://twitter.com/gorgeouss_kee/statuses/589847400929329152,,98.7,1307,,,,,0
64195182219325e404b23b9c91265395,Foursquare,Location Based,2012-09-18T15:25:42.000-05:00,,"Shopping for flu shots has turned up inflated 2012 vs 2011 prices of $31 at both CVS and Walgreens, pre-insurance coverage. Surprisingly high for a service that has been well-priced for years.",negative,true,Valerie S.,,,Female,none,New York NY United States,,40.73162215809844,-73.99482234174388,,,98.7,,,,,,
34c98a0be1891b0cf01f54a7de141e5e,Amazon,E-Commerce,2014-01-23T00:00:00.000-06:00,,"Just something about drinking my cold medicine hot seems to make me feel better. You really can't get this in the states anymore, it seems people here thought the ""don't exceed"" was just a suggestion and were running into problems. So all we can get is the night time Theraflu. The shipping takes a bit so you may want to have some on hand prior to cold season. This stuff works wonders on my colds, soothes my sore throat and clears my head better than the cold pills. Now maybe it's all in my head, and just seems that it works better, but I don't care. I will definitely get more for next season! Just read the warning, just because it drinks like a tea doesn't mean it is a tea.",positive,false,Levi B Swisher,,,Male,none,,,,,http://www.amazon.com/Lemsip-Cold-Lemon-Sachets-Pack/product-reviews/B000LNEBQA/ref=cm_cr_pr_top_recent?ie=UTF8&showViewpoints=1&sortBy=bySubmissionDateDescending,,98.7,,,,,,
1b30bc646e868c8a7c7812a01aff0800,Twitter,Twitter,2015-04-21T22:40:34.000-05:00,,"The recent bout of avian flu is even more reason to buy fresh, local #eggs.<br/>#organic #food",none,false,Lauren Borsa-Curran,Seaglass67,https://pbs.twimg.com/profile_images/378800000189611142/906beb99f50a55c3dafc3b97fae5f395_normal.jpeg,Female,none,,"Freelance Writer, PR Consultant, Former Assoc Press reporter, Former PR Account Exec. Designer: eclectic art jewelry: seaglass, typewriter keys, wire.",,,http://twitter.com/Seaglass67/statuses/590646333595332608,,98.6,4005,,,,,0
9a5077055adfe9f48f979e9880d5ff1d,Twitter,Twitter,2015-04-24T16:20:14.000-05:00,,"RT @PoorAdviceSloth: Coming down with the flu? Drink hand sanitizer, it kills 99.99% of the bad germs.",none,false,Y A S H R A,Yashra96,https://pbs.twimg.com/profile_images/588342510264565760/dDJgOsmT_normal.jpg,None,none,,"Happiness is a direction not a destination,  soon to be doctor :)",,,http://twitter.com/Yashra96/statuses/591637782348451840,,98.6,1275,490,,,,0
06ff10c16bbe7c6536a4fb545a074c34,Amazon,E-Commerce,2011-02-26T00:00:00.000-06:00,This Item costs only 12.99 at stores and at Costco!,These sellers on Amazon really rip off unsuspecting consumers! Who in their right mind will pay $22.00+ for this product when you can purchase these same 312 wipes for only 12.99 at Costco and for $9.00 when there is a sale on them. What a rip off!,positive,false,"Ms. Szymanski ""Perfume maven""",,,Male,none,"Springdale, Michigan",,43.3504,-84.5603,http://www.amazon.com/Clorox-fresh-scent-orange-viruses/product-reviews/B0015UQI4Q/ref=cm_cr_pr_btm_link_next_2/182-0391971-4519350?ie=UTF8&pageNumber=2&showViewpoints=0&sortBy=bySubmissionDateDescending,,98.6,,,,,,
2c454e0145e4625d78461d94c45ed793,Amazon,E-Commerce,2012-03-05T00:00:00.000-06:00,Not Thick but Smell Nice,"These wipes are not thick; that is crazy! Not big or thick; pretty thin in my opinion. Fine for smooth countertops, toilets and small spills but not for big spills. Orange smells very nice; it's the only one I've tried so far. Nice for computer screens but I wiped the wet off right after with a napkin. lol I'll probably scrape my knuckles if I use these on my rough marble counters! Anxious to try on stainless fridge. I'll try and look at the saloon door as a challenge!",neutral,false,oliver,,,Male,none,Arkansas,,34.9513,-92.3809,http://www.amazon.com/Clorox-fresh-scent-orange-viruses/product-reviews/B0015UQI4Q/ref=cm_cr_pr_top_recent?ie=UTF8&showViewpoints=1&sortBy=bySubmissionDateDescending,,98.6,,,,,,
b8f0aa700e448a66d7ba4ff0c4f25726,Amazon,E-Commerce,2011-07-12T00:00:00.000-05:00,Keepin the germs away,This nice variety pack will let you use different ones in different places. And keep the germs out of your house.,positive,false,"candie ""candie honeycutt""",,,Female,none,NC,,35.6411,-79.8431,http://www.amazon.com/Clorox-fresh-scent-orange-viruses/product-reviews/B0015UQI4Q/ref=cm_cr_pr_btm_link_next_2/178-5967111-6740956?ie=UTF8&pageNumber=2&showViewpoints=0&sortBy=bySubmissionDateDescending,,98.6,,,,,,
962288e4553c50483f4ba2283cb0d361,Amazon,E-Commerce,2009-07-26T00:00:00.000-05:00,Awesome & Easy Way to Clean!,I've been using Clorox Wipes for several years now and they're really great! I use them for cleaning everything from the kitchen and bathroom to furniture and my dashboard. They make cleaning a snap and leave a really nice scent too - so I would highly recommend them to anyone looking to cut down on their cleaning time or those just looking for a good household disinfectant.,positive,false,"katie ""book worm""",,,Female,none,"PA , USA",,40.5773,-77.264,http://www.amazon.com/Clorox-fresh-scent-orange-viruses/product-reviews/B0015UQI4Q/ref=sr_1_205_cm_cr_acr_img?ie=UTF8&showViewpoints=1,,98.6,,,,,,
e55c3d0ad936c7bfbb06eb5bfd11e62b,Amazon,E-Commerce,2011-01-07T00:00:00.000-06:00,Wipe Out,"We've used generic , Lysol, and Clorox wipes, but for now Clorox is our wipe of preference. They seem easier to pull out of the container than Lysol wipes and the honeycombed pattern of the Clorox wipes seem add some scrubbing power to them. Fresh out of the container, the Lysol wipes are a little wetter. To sanitize a surface, leave the surface visibly wet after wiping for thirty seconds. To disinfect use enough wipes to leave a surface wet for four minutes and then allow to dry. This is the regimen that produces a 99.9% kill. We like that the wipes can be used in the bathroom and the kitchen. For surfaces that will come in contact with food a potable water rinse is necessary. For any object or surface that a baby might lick, a potable water rinse is also advised. I prefer using wipes to using a disinfectant spray because of the possibility of inhaling disinfectant. As most people know, bacteria reproduce quickly so any disinfection is temporary. Clorox claims on the canister,"" Disinfects household, kitchen, and bathroom bacteria."" I added the commas. I think Clorox means that the wipes ""disinfect"" surfaces in kitchens and bathrooms, not the bacteria themselves. The lemon and the orange wipes have pleasant scents. Clorox doesn't indicate whether or not the citrus varieties have any additional cleaning properties.",positive,false,spudman,,,Male,none,"Pasadena, MD United States  ¬†¬† ¬†¬†",,39.0724,-76.7902,http://www.amazon.com/Clorox-fresh-scent-orange-viruses/product-reviews/B0015UQI4Q/ref=sr_1_205_cm_cr_acr_img?ie=UTF8&showViewpoints=1,,98.6,,,,,,
cbd9f67522766848ca2f1f9ebce339aa,Amazon,E-Commerce,2010-05-22T00:00:00.000-05:00,"Agree-great wipes, they need to make the dispenser better.#2 plastic, easy to recycle","It's funny-all this time I thought it was me, that I was lacking the DNA coding for the gene that determines the ability to use finger-cutting wet towel dispensers. I will never put this away without leaving enough of the next towel poking through the dispenser because I can easily pull it up next time. If the towels slip down & you have to retrieve them, it is a wet, goopy affair. It can be done-but watch your knuckles!I will tolerate the dispenser because the towels are great. Terrific solution for cleaning quickly! Wipe down all surfaces in kitchen or bathroom quickly and easily. Great supply from Amazon-no Shipping over $25 all the way to Alaska.They do need to fix that dispenser!!!Fortunately, the new recycling center here takes these #2 containers, so now I do not have to feel guilty about using these anymore. These are great cleaning cloths-they are used everywhere. They make short work out of many unpleasant jobs.Still wish they'd alter that knuckle cutting container!",positive,false,"nice lady ""a reasonable person""",,,Female,none,Alaska  ¬†¬†,,61.385,-152.2683,http://www.amazon.com/Clorox-fresh-scent-orange-viruses/product-reviews/B0015UQI4Q/ref=sr_1_102_cm_cr_acr_img/180-3578619-5711437?ie=UTF8&showViewpoints=1,,98.6,,,,,,
e7340d9819897efcb2ade174e70c3c21,Twitter,Twitter,2015-04-20T13:34:49.000-05:00,,"RT @marlboromau5: Screw being Sick Adam's orange juice buddy, this flu sucks fgs",none,false,Rory Coscia,bijerotityna,https://pbs.twimg.com/profile_images/568214345767583744/E3FDZgtU_normal.jpeg,Male,none,,Dependable your meals consultant. Hardcore researcher. Quietly enchanting alcohol ninja. Normal draught beer expert.,,,http://twitter.com/bijerotityna/statuses/590146606281928704,,98.6,372,1,,,,0
8045bd5ff184bbb3edc6871d489a8322,Twitter,Twitter,2015-04-21T12:32:50.000-05:00,,No thanks bird flu eggs from Iowa...if I want severe intestinal distress from tainted food I'll eat Taco Bell or go on a Carnival cruise,negative,true,John Sweeny,SirCastical,https://pbs.twimg.com/profile_images/572803135099576320/eRoxjAAI_normal.jpeg,Male,none,"Cranford, NJ, United States","VERIFIED: What I lack in charm and looks, I try to make up for in sarcasm and pretension. Husband/Father/Realtor/Comedian",40.667377,-74.302854,http://twitter.com/SirCastical/statuses/590493391387041792,,98.6,140,,,,,0
6e764651199c2aac02c18b360778f05d,Twitter,Twitter,2015-04-22T12:00:09.000-05:00,,"Since I started taking Zinc 4 years ago I have not had the flu once. My family has; same genetics, some of them even had 'flu shots'.",positive,true,Paul Michael,paulmike28,https://pbs.twimg.com/profile_images/560501260927774720/rWAeaIXx_normal.jpeg,Male,none,,Spouting unbridled truth. Resonating brilliance. Elegantly articulating resistance to the obsequious ones.,,,http://twitter.com/paulmike28/statuses/590847554398617600,,98.6,896,,,,,0
ac45f0365cde481650c536037a435e62,Amazon,E-Commerce,2010-04-03T00:00:00.000-05:00,GREAT PRODUCT!,"I use these Clorox disinfectant wipes wherever I can't use Lysol disinfectant spray. They're handy to routinely disinfect the computer mouse, remote controls, light switches, stove knobs, table tops, etc. Nobody's passed around a cold at our house since I started using them.",positive,false,"a. huitema ""sandalwood connoisseur""",,,Female,none,¬†¬†,,,,http://www.amazon.com/Clorox-fresh-scent-orange-viruses/product-reviews/B0015UQI4Q/ref=sr_1_205_cm_cr_acr_img?ie=UTF8&showViewpoints=1,,98.6,,,,,,
4c507fc6129096a061a6fb37555b1005,Amazon,E-Commerce,2013-11-16T00:00:00.000-06:00,Thera flu voluntarily recalled 2011. As of 11/15/2013 not realeased,"I do not see how this is being sold at this time unless it is expired. I have been using this product for years and it really works.I went to get some of the product and could not find it anywhere,so I called Novartis,t hey advised they have voluntarily recalled this product and taken it off the market in late 2011 because of retooling at the process plant (Nothing was/is wrong with the product) and hopes to bring it out again early 2014. As of 11/15/2013 it has not been re-released.I have been using this product for years and it really works and will be happy when released again.",positive,false,acanal,,,None,none,"New Orleans, Louisiana United States",,29.98,-90.25,http://www.amazon.com/Theraflu-Extra-Lemon-Taste-Saches/product-reviews/B00FDNEJMO/ref=cm_cr_pr_top_recent?ie=UTF8&showViewpoints=1&sortBy=bySubmissionDateDescending,,98.6,,,,,,
8ee32fa64d521929f51668cefd651220,Twitter,Twitter,2015-04-24T16:22:32.000-05:00,,"RT @PoorAdviceSloth: Coming down with the flu? Drink hand sanitizer, it kills 99.99% of the bad germs.",none,false,Fuck Feeling-AMP‚Ñ¢,FuckFeelingAMP,https://pbs.twimg.com/profile_images/577753704356429824/UoCOeNy3_normal.jpeg,None,none,,Tweeting my thoughts and feelings. I hope to inspire each and every one of you!,,,http://twitter.com/FuckFeelingAMP/statuses/591638364744323072,,98.6,111956,492,,,,0
ad28e612df7baed3a1c3469cc6f287d8,Twitter,Twitter,2015-04-24T15:11:43.000-05:00,,"RT @PoorAdviceSloth: Coming down with the flu? Drink hand sanitizer, it kills 99.99% of the bad germs.",none,false,Athl—ît—îs ¬£√≠f—îs... ¬Æ,themystrybegins,https://pbs.twimg.com/profile_images/586590860600446976/LN9iBzIQ_normal.jpg,None,none,,J√∫≈õt œÇl√∏≈õ—î ¬•√∏√∫–≥ —î¬•—î≈õ ƒÖ≈Ñƒë —î≈Ñj√∏¬• t—í—î –≥√∏ll—î–≥ œÇ√∏ƒÖ≈õt—î–≥.....≈§—íƒÖt —ó≈õ ¬£!∆í—î.....,,,http://twitter.com/themystrybegins/statuses/591620539396960256,,98.6,86417,471,,,,0
48ffa2cbd31a45d54de5eb19e4f77554,Twitter,Twitter,2015-04-24T15:19:31.000-05:00,,"RT @PoorAdviceSloth: Coming down with the flu? Drink hand sanitizer, it kills 99.99% of the bad germs.",none,false,Every Athlete Dream‚Ñ¢,EveryAthDream,https://pbs.twimg.com/profile_images/584666596867579904/nafFWwj-_normal.jpg,None,none,,Life is about being a versatile athlete and training in all realms of life.Kik- abhi2557,,,http://twitter.com/EveryAthDream/statuses/591622505485373440,,98.6,83147,479,,,,0
53945213293cd9becf3d0df1aa1c915b,Twitter,Twitter,2015-04-24T15:14:37.000-05:00,,"RT @PoorAdviceSloth: Coming down with the flu? Drink hand sanitizer, it kills 99.99% of the bad germs.",none,false,Sick Drawings,stress_lesslife,https://pbs.twimg.com/profile_images/574131007214915585/KwYzbe7t_normal.jpeg,None,none,,Life is a drawing looks amazing and made by human itself,,,http://twitter.com/stress_lesslife/statuses/591621270988402689,,98.6,71250,475,,,,0
10a69bcb4436f51463d722c65ccba721,Twitter,Twitter,2015-04-24T15:57:16.000-05:00,,"RT @PoorAdviceSloth: Coming down with the flu? Drink hand sanitizer, it kills 99.99% of the bad germs.",none,false,Learn Everyday,Learn_Evryday,https://pbs.twimg.com/profile_images/588609761664311296/LqZgXhY1_normal.png,None,none,,follow me if u like my tweets nd i will follow back,,,http://twitter.com/Learn_Evryday/statuses/591632005944643585,,98.6,64244,482,,,,0
